{
  "params": {
    "NUM_AGENTS": 100,
    "START_PER_AGENT": 100,
    "PRIME_SCALE": 0.01,
    "MAX_GLOBAL_TRADES": 1000000
  },
  "successRate": 1,
  "successfulAgents": 100,
  "totalGlobalTrades": 797841,
  "avgEquity": 1001009.6538441936,
  "maxEquity": 1003580.1804857348,
  "totalEquity": 100100965.38441935,
  "successTimes": [
    786376,
    786395,
    787013,
    787241,
    787436,
    787904,
    788093,
    788204,
    788801,
    788827,
    788917,
    788994,
    789006,
    789111,
    789288,
    789701,
    790012,
    791893,
    792439,
    792633,
    792678,
    793051,
    793374,
    793530,
    793671,
    793684,
    793871,
    793983,
    794048,
    794082,
    794200,
    794426,
    794446,
    794700,
    794708,
    794747,
    794808,
    794938,
    795055,
    795071,
    795138,
    795190,
    795308,
    795357,
    795367,
    795420,
    795465,
    795471,
    795567,
    795592,
    795643,
    795646,
    795656,
    795748,
    795773,
    795784,
    795785,
    795845,
    795920,
    795927,
    795996,
    796003,
    796007,
    796054,
    796070,
    796132,
    796140,
    796156,
    796158,
    796218,
    796249,
    796313,
    796359,
    796368,
    796396,
    796402,
    796713,
    797089,
    797145,
    797248,
    797336,
    797407,
    797439,
    797481,
    797539,
    797552,
    797561,
    797564,
    797568,
    797576,
    797632,
    797678,
    797702,
    797756,
    797762,
    797771,
    797780,
    797788,
    797797,
    797841
  ]
}